INSERT INTO category(CATEGORY_ID, NAME)
VALUES
(1, '음료'),
(2, '푸드'),
(3, '상품');

INSERT INTO menu_group(MENU_GROUP_ID, CATEGORY_ID, NAME, ENGLISH_NAME)
VALUES
(1, 1, '리저브 에스프레소', 'Reserve Espresso'),
(2, 1, '리저브 드립', 'Reserve Drip'),
(3, 1, '콜드 브루', 'Cold Brew'),
(4, 1, '블론드', 'Blonde Coffee'),
(5, 1, '에스프레소', 'Espresso'),
(6, 1, '디카페인 커피', 'Decaf Coffee'),
(7, 1, '프라푸치노', 'Frappuccino'),
(8, 1, '블렌디드', 'Blended'),
(9, 1, '피지오', 'Starbucks Fizzio'),
(10, 1, '티바나', 'Teavana'),
(11, 1, '브루드 커피', 'Brewed Coffee'),
(12, 1, '기타', 'Others'),
(13, 1, '병음료', 'RTD'),

(14, 2, '브레드', 'Bread'),
(15, 2, '케이크&미니디저트', 'Cake&Mini Dessert'),
(16, 2, '샌드위치&샐러드', 'Sandwich&Salad'),
(17, 2, '따뜻한 푸드', 'Hot Food'),
(18, 2, '과일&요거트', 'Fruit&Yogurt'),
(19, 2, '스낵', 'Snack'),
(20, 2, '아이스크림', 'Ice Cream'),
(21, 2, '스타디움 세트', 'Stadium Set'),

(22, 3, '머그/글라스', 'Mug/Glass'),
(23, 3, '스테인리스텀블러', 'Stainless steel Tumbler'),
(24, 3, '플라스틱텀블러', 'Plastic Tumbler'),
(25, 3, '보온병', 'Vaccum flask'),
(26, 3, '엑세서리', 'ACC'),
(27, 3, '커피용품', 'Brewing Item'),
(28, 3, '원두','Whole bean'),
(29, 3, '비아', 'VIA'),
(30, 3, '스타벅스앳홈 by 캡슐', 'Starbucks at Home by capsule'),
(31, 3, '패키지 티', 'Packaged Tea'),
(32, 3, '리저브 원두', 'Reserve Whole bean');

INSERT INTO menu(MENU_GROUP_ID, NAME, ENGLISH_NAME, PRICE, ON_SALE)
VALUES
(1, '인도네시아 WJ 사케라또 아포가토', 'Indonesia WJ Shakerato Affogato', 9500, TRUE),
(1, '브라질 FC 사케라또 아포가토', 'Brazil FC Shakerato Affogato', 8500, TRUE),
(1, '사케라또 아포가토', 'Shakerato Affogato', 7500, TRUE),
(1, '인도네시아 WJ 스파클링 시트러스 에스프레소', 'Indonesia WJ Sparkling Citrus Espresso', 9500, TRUE),
(1, '브라질 FC 스파클링 시트러스 에스프레소', 'Brazil FC Sparkling Citrus Espresso', 8500, TRUE),
(1, '스파클링 시트러스 에스프레소', 'Sparkling Citrus Espresso', 7500, TRUE),
(1, '인도네시아 WJ 클래식 아포가토', 'Indonesia WJ Classic Affogato', 9000, TRUE),
(1, '브라질 FC 클래식 아포가토', 'Brazil FC Classic Affogato', 8000, TRUE),
(1, '클래식 아포가토', 'Classic Affogato', 7000, TRUE),
(1, '인도네시아 WJ 사케라또 비안코 오버 아이스', 'Indonesia WJ Shakerato Bianco Over Ice', 9500, TRUE),
(1, '브라질 FC 사케라또 비안코 오버 아이스', 'Brazil FC Shakerato Bianco Over Ice', 8500, TRUE),
(1, '사케라또 비안코 오버 아이스', 'Shakerato Bianco Over Ice', 7500, TRUE),
(1, '인도네시아 WJ 아이스 다크 초콜릿 모카', 'Indonesia WJ Iced Dark Chocolate Mocha', 9000, TRUE),
(1, '브라질 FC 아이스 다크 초콜릿 모카', 'Brazil FC Iced Dark Chocolate Mocha', 8000, TRUE),
(1, '아이스 다크 초콜릿 모카', 'Iced Dark Chocolate Mocha', 7000, TRUE),
(1, '인도네시아 WJ 아이스 바닐라 빈 라떼', 'Indonesia WJ Iced Vanilla Bean Latte', 9000, TRUE),
(1, '브라질 FC 아이스 바닐라 빈 라떼', 'Brazil FC Iced Vanilla Bean Latte', 8000, TRUE),
(1, '아이스 바닐라 빈 라떼', 'Iced Vanilla Bean Latte', 7000, TRUE),
(1, '인도네시아 WJ 아이스 카페 라떼', 'Indonesia WJ Iced Caffe Latte', 8500, TRUE),
(1, '브라질 FC 아이스 카페 라뗴', 'Brazil FC Iced Caffe Latte', 7500, TRUE),
(1, '아이스 카페 라떼', 'Iced Caffe Latte', 6500, TRUE),
(1, '인도네시아 WJ 아이스 카푸치노', 'Indonesia WJ Iced Cappucinno', 8500, TRUE),
(1, '브라질 FC 아이스 카푸치노', 'Brazil FC Iced Cappucinno', 7500, TRUE),
(1, '아이스 카푸치노', 'Iced Cappucinno', 6500, TRUE),
(1, '인도네시아 WJ 아이스 카페 아메리카노', 'Indonesia WJ Iced Caffe Americano', 8000, TRUE),
(1, '브라질 FC 아이스 카페 아메리카노', 'Brazil FC Iced Caffe Americano', 7000, TRUE),
(1, '아이스 카페 아메리카노', 'Iced Caffe Americano', 6000, TRUE),
(1, '인도네시아 WJ 코르타도', 'Indonesia WJ Cortado', 8500, TRUE),
(1, '브라질 FC 코르타도', 'Brazil FC Cortado', 7500, TRUE),
(1, '코르타도', 'Cortado', 6500, TRUE),
(1, '인도네시아 WJ 에스프레소 콘 파나', 'Indonesia WJ Espresso Con Panna', 7700, TRUE),
(1, '브라질 FC 에스프레소 콘 파나', 'Brazil FC Espresso Con Panna', 6700, TRUE),
(1, '에스프레소 콘 파나', 'Espresso Con Panna', 5700, TRUE),
(1, '인도네시아 WJ 에스프레소 마키아또', 'Indonesia WJ Espresso Macchiato', 7500, TRUE),
(1, '브라질 FC 에스프레소 마키아또', 'Brazil FC Espresso Macchiato', 6500, TRUE),
(1, '에스프레소 마키아또', 'Espresso Macchiato', 5500, TRUE),
(1, '인도네시아 WJ 에스프레소', 'Indonesia WJ Espresso', 7500, TRUE),
(1, '브라질 FC 에스프레소', 'Brazil FC Espresso', 6500, TRUE),
(1, '에스프레소', 'Espresso', 5500, TRUE),
(1, '인도네시아 WJ 아이스 라벤더 카페 브레베', 'Indonesia WJ Iced Lavender Cafe Breve', 9000, TRUE),
(1, '브라질 FC 아이스 라벤더 카페 브레베', 'Brazil FC Iced Lavender Cafe Breve', 8000, TRUE),
(1, '아이스 라벤더 카페 브레베', 'Iced Lavender Cafe Breve', 7000, TRUE),

(2, '벨벳 다크 모카 나이트로', 'Velvel Dark Mocha Nitro', 8500, TRUE),
(2, '리저브 나이트로', 'Reserve Nitro', 7500, TRUE),
(2, '콜드 브루 몰트', 'Cold Brew Malt', 8500, TRUE),
(2, '콜드 브루 플로트', 'Cold Brew Float', 8000, TRUE),
(2, '리저브 콜드 브루', 'Reserve Cold Brew', 6500, TRUE),
(2, '아이스 선 드라이드 콜롬비아 핀카라 팔메라', 'Iced Sun-Dried Colombia Finca La Palmera', 10000, TRUE),
(2, '아이스 인도네시아 웨스트 자바', 'Iced Indonesia West Java', 8000, TRUE),
(2, '아이스 브라질 파젠다 카탄두바', 'Iced Brazil Fazenda Catanduva', 7000, TRUE),
(2, '아이스 니카라과 마라카투라', 'Iced Nicaragua Maracaturra', 10000, TRUE),
(2, '아이스 선 드라이드 에티오피아 게라 팜', 'Iced Sun-Dried Ethiopia Gera Farm', 8000, TRUE),
(2, '아이스 과테말라 산타 클라라 에스테이트', 'Iced Guatemala Santa Clara Estate', 8000, TRUE),
(2, '아이스 파나마 보케테', 'Iced Panama Boquete', 8000, TRUE),

(3, '롤린 민트 초코 콜드 브루', 'Rollin Mint Choco Cold Brew', 6100, TRUE),
(3, '콜드 브루 오트 라떼', 'Cold Brew With Oat Milk', 5800, TRUE),
(3, '돌체 콜드 브루', 'Dolce Cold Brew', 6000, TRUE),
(3, '바닐라 크림 콜드 브루', 'Vanilla Cream Cold Brew', 5800, TRUE),
(3, '콜드 브루', 'Cold Brew', 4900, TRUE),
(3, '나이트로 바닐라 크림', 'Nitro Vanilla Cream', 6100, TRUE),
(3, '나이트로 콜드 브루', 'Nitro Cold Brew', 6000, TRUE),
(3, '제주 비자림 콜드 브루', 'Jeju Forest Cold Brew', 6800, TRUE),

(4, '라벤더 블론드 스타벅스 더블 샷', 'Lavender Blonde Starbucks Double Shot', 5100, TRUE),
(4, '아이스 블론드 바닐라 더블 샷 마키아또', 'Iced Blonde Vanilla Double Shot Macchiato', 5900, TRUE),
(4, '아이스 블론드 스타벅스 돌체 라떼', 'Iced Blonde Starbucks Dolce Latte', 5900, TRUE),
(4, '아이스 블론드 카페 라떼', 'Iced Blonde Caffe Latte', 5000, TRUE),
(4, '아이스 블론드 카페 아메리카노', 'Iced Blonde Caffe Americano', 4500, TRUE),
(4, '아이스 별다방 바닐라 라떼', 'Iced Byuldabang Vanilla Latte', 6100, TRUE),

(5, '바닐라 플랫 화이트', 'Vanilla Flat White', 5900, TRUE),
(5, '아이스 스타벅스 돌체 라떼', 'Iced Starbucks Dolce Latte', 5900, TRUE),
(5, '아이스 카페 모카', 'Iced Caffe Mocha', 5500, TRUE),
(5, '아이스 카페 아메리카노', 'Iced Caffe Americano', 4500, TRUE),
(5, '아이스 카페 라떼', 'Iced Caffe Latte', 5000, TRUE),
(5, '아이스 카푸치노', 'Iced Cappuccino', 5000, TRUE),
(5, '아이스 카라멜 마키아또', 'Iced Caramel Macchiato', 5900, TRUE),
(5, '아이스 화이트 초콜릿 모카', 'Iced White Chocolate Mocha', 5900, TRUE),
(5, '커피 스타벅스 더블 샷', 'Coffee Starbucks Double Shot', 5100, TRUE),
(5, '바닐라 스타벅스 더블 샷', 'Vanilla Starbucks Double Shot', 5100, TRUE),
(5, '헤이즐넛 스타벅스 더블 샷', 'Hazelnut Starbucks Double Shot', 5100, TRUE),
(5, '에스프레소', 'Espresso', 4000, TRUE),
(5, '에스프레소 마키아또', 'Espresso Macchiato', 4000, TRUE),
(5, '에스프레소 콘 파나', 'Espresso Con Panna', 4200, TRUE),

(6, '아이스 디카페인 스타벅스 돌체 라떼', 'Iced DECAF Starbucks Dolce Latte', 6200, TRUE),
(6, '아이스 디카페인 카라멜 마끼아또', 'Iced DECAF Caramel Macchiato', 6200, TRUE),
(6, '아이스 디카페인 카페 라떼', 'Iced DECAF Caffe Latte', 5300, TRUE),
(6, '아이스 디카페인 카페 아메리카노', 'Iced DECAF Caffe Americano', 4800, TRUE),
(6, '아이스 1/2디카페인 스타벅스 돌체 라떼', 'Iced Half DECAF Starbucks Dolce Latte', 6200, TRUE),
(6, '아이스 1/2디카페인 카라멜 마끼아또', 'Iced Half DECAF Caramel Macchiato', 6200, TRUE),
(6, '아이스 1/2디카페인 카페 라떼', 'Iced Half DECAF Caffe Latte', 5300, TRUE),
(6, '아이스 1/2디카페인 카페 아메리카노', 'Iced Half DECAF Caffe Americano', 4800, TRUE),

(7, '더블 에스프레소 칩 프라푸치노', 'Double Espresso Chip Frappuccino', 6300, TRUE),
(7, '제주 유기농 말차로 만든 크림 프라푸치노', 'Malcha Cream Frappuccino from Jeju Organic Farm', 6300, TRUE),
(7, '자바 칩 프라푸치노', 'Java Chip Frappuccino', 6300, TRUE),
(7, '초콜릿 크림 칩 프라푸치노', 'Chocolate Cream Chip Frappuccino', 6000, TRUE),
(7, '화이트 초콜릿 모카 프라푸치노', 'White Chocolate Mocha Frappuccino', 6000, TRUE),
(7, '모카 프라푸치노', 'Mocha Frappuccino', 5900, TRUE),
(7, '카라멜 프라푸치노', 'Caramel Frappuccino', 5900, TRUE),
(7, '에스프레소 프라푸치노', 'Espresso Frappuccino', 5500, TRUE),
(7, '바닐라 크림 프라푸치노', 'Vanilla Cream Frappuccino', 5100, TRUE),
(7, '제주 까망 크림 프라푸치노', 'Jeju Black Sesame Cream Frappuccino',7500, TRUE),
(7, '제주 쑥떡 크림 프라푸치노', 'Jeju Mugwort Cream Frappuccino', 7500, TRUE),
(7, '화이트 타이거 프라푸치노', 'White Tiger Frappuccino', 6500, TRUE),
(7, '돌체 딸기 크림 프라푸치노', 'Dolce Strawberry Cream Frappuccino', 6800, TRUE),
(7, '트리플 초콜릿 칩 커피 프라푸치노', 'Triple Chocolate Chip Coffee Frappuccino', 6600, TRUE),
(7, '트리플 초콜릿 칩 크림 프라푸치노', 'Triple Chocolate Chip Cream Frappuccino', 6600, TRUE),

(8, '펀치 그래피티 블렌디드', 'Punch Graffiti Blended', 6300, TRUE),
(8, '민트 초콜릿 칩 블렌디드', 'Mint Chocolate Chip Blended', 6300, TRUE),
(8, '딸기 딜라이트 요거트 블렌디드', 'Strawberry Delight Yogurt Blended', 6300, TRUE),
(8, '피치 & 레몬 블렌디드', 'Peach & Lemon Blended', 6300, TRUE),
(8, '망고 바나나 블렌디드', 'Mango Banana Blended', 6300, TRUE),
(8, '망고 패션 프루트 블렌디드', 'Mango Passion Fruit Blended', 5400, TRUE),
(8, '트위스트 피치 요거트 블렌디드', 'Twist Peach Yogurt Blended', 6800, TRUE),
(8, '레드 파워 스매시 블렌디드', 'Read Power Smash Blended', 6500, TRUE),
(8, '제주 그린 한라봉 모히또 블렌디드', 'Jeju Green Hallabong Mojito Blended', 7500, TRUE),

(9, '유자 패션 피지오', 'Yuja Passion Starbucks Fizzio™', 5900, TRUE),
(9, '쿨 라임 피지오', 'Cool Lime Starbucks Fizzio™', 5900, TRUE),
(9, '블랙 티 레모네이드 피지오', 'Black Tea Lemonade Starbucks Fizzio™', 5400, TRUE),
(9, '패션 탱고 티 레모네이드 피지오', 'Passion Tango Tea Lemonade Starbucks Fizzio™', 5400, TRUE),

(10, '포멜로 플로우 그린 티', 'Pomelo Flow Green Tea', 6100, TRUE),
(10, '아이스 돌체 블랙 밀크 티', 'Iced Dolce Black Milk Tea', 5900, TRUE),
(10, '아이스 유자 민트 티', 'Iced Yuja Mint Tea', 5900, TRUE),
(10, '아이스 제주 유기농 말차로 만든 라떼', 'Iced Malcha Latte from Jeju Organic Farm', 6100, TRUE),
(10, '아이스 차이 티 라떼', 'Iced Chai Tea Latte', 5500, TRUE),
(10, '아이스 자몽 허니 블랙 티', 'Iced Grapefruit Honey Black Tea', 5700, TRUE),
(10, '아이스 제주 유기 녹차', 'Iced Jeju Organic Green Tea', 5300, TRUE),
(10, '아이스 잉글리쉬 브렉퍼스트 티', 'Iced English Breakfast Brewed Tea', 4500, TRUE),
(10, '아이스 얼 그레이 티', 'Iced Earl Grey Brewed Tea', 4500, TRUE),
(10, '아이스 유스베리 티', 'Iced Youthberry™Brewed Tea', 4500, TRUE),
(10, '아이스 히비스커스 블렌드 티', 'Iced Hibiscus Blend Brewed Tea', 4500, TRUE),
(10, '아이스 민트 블렌드 티', 'Iced Mint Blend Brewed Tea', 4500, TRUE),
(10, '아이스 캐모마일 블렌드 티', 'Iced Chamomile Blend Brewed Tea', 4500, TRUE),
(10, '아이스 피치 히비스커스 티', 'Iced Peach Hibiscus Tea', 6300, TRUE),
(10, '제주 키위 오션 그린티', 'Jeju Kiwi Ocean Green Tea', 7200, TRUE),
(10, '폼폼 유스베리 티', 'Foam Foam Youthberry Tea', 7500, TRUE),
(10, '폼폼 민트 티', 'Foam Foam Mint Tea', 7500, TRUE),
(10, '아이스 유스베리 로즈 티 브리즈', 'Iced Youthberry Rose Tea Breeze', 7200, TRUE),
(10, '제주 그린 티 브리즈', 'Jeju Green Tea Breeze', 7200, TRUE),
(10, '아이스 허니 얼 그레이 밀크 티', 'Iced Honey Earl Grey Milk Tea', 6900, TRUE),

(11, '오늘의 커피', 'Brewed Coffee', 4200, TRUE),
(11, '아이스 커피', 'Iced Coffee', 4500, TRUE),
(11, '별다방 블렌드 POC', 'Byuldabang Blend POC', 5000, TRUE),
(11, '별다방 블렌드 CMX', 'Byuldabang Blend CMX', 5000, TRUE),

(12, '아이스 시그니처 초콜릿', 'Iced Signature Chocolate', 5700, TRUE),
(12, '스팀 우유', 'Steamed Milk', 4100, TRUE),
(12, '우유', 'Milk', 4100, TRUE),
(12, '제주 쑥쑥 라떼', 'Jeju Mugwort Latte', 7200, TRUE),
(12, '아이스 제주 까망 라떼', 'Iced Jeju Black Sesame Latte', 7200, TRUE),
(12, '플러피 판다 아이스 초콜릿', 'Fluffy Panda Iced Chocolate', 6500, TRUE),
(12, '레드 파워 스매셔', 'Red Power Smasher', 6500, TRUE),
(12, '스타벅스 슬래머', 'Starbucks Slammer', 6500, TRUE),

(13, '유기농 오렌지 100% 주스 190ML', 'Organic Orange 100% Juice 190ML', 4500, TRUE),
(13, '스타 루비 자몽 스위트 190ML', 'Star Ruby Grapefruit Sweet 190ML', 4100, TRUE),
(13, '핑크 용과 레모네이드 190ML', 'Pink Dragon Fruit Lemonade 190ML', 4300, TRUE),
(13, '딸기 가득 요거트 190ML', 'Strawberry Yogurt 190ML', 4100, TRUE),
(13, '파이팅 청귤 190ML', 'Green Tangerine & Yuja', 4000, TRUE),
(13, '기운내라임 190ML', 'Lime & Lemon', 4000, TRUE),
(13, '한방에 쭉 감당 190ML', 'Tangerine & Carrot', 4000, TRUE),
(13, '햇사과 주스 190ML', 'Newly Harvested Apple Juice 190ML', 4000, TRUE),
(13, '딸기주스 190ML', 'Strawberry Juice 190ML', 3800, TRUE),
(13, '망고주스 190ML', 'Mango Juice 190ML', 4500, TRUE),
(13, '케일&사과주스 190ML', 'Kale&Apple Juice 190ML', 4000, TRUE),
(13, '한라봉주스 190ML', 'Hallabong Juice 190ML', 4300, TRUE),
(13, '토마토주스 190ML', 'Tomato Juice 190ML', 3800, TRUE),
(13, '블루베리 요거트 190ML', 'Blueberry Yogurt 190ML', 3900, TRUE),
(13, '치아씨드 요거트 190ML', 'Chiaseed Yogurt 190ML', 3900, TRUE),
(13, '유기농 오렌지 100% 주스 591ML', 'Organic Orange 100% Juice 591ML', 8900, TRUE),
(13, '스타 루비 자몽 스위트 591ML', 'Star Ruby Grapefruit Sweet 591ML', 8500, TRUE),
(13, '에비앙 생수 330ML', 'Evian Water 330ML', 2500, TRUE),
(13, '페리에 라임 330ML', 'Perrier Lime 330ML', 3300, TRUE),
(13, '유기농 스파클링 애플 주스 296ML', 'Organic Sparkling Apple Juice 296ML', 4800, TRUE),
(13, '삼다수 500ML', 'Samdasoo water 500ML', 950, TRUE),
(13, '뉴욕셀처(레몬&라임)296ML', 'NewYork Seltzer(Lemon&Lime)296ML', 4000, TRUE)
;
